id,first_name,middle_name,last_name,date_of_birth,age,language,gender,city,state,country
6,Raj,Kumar,Patel,1982-09-03,42,Hindi,Male,Mumbai,Maharashtra,India
58,Lori,Debra,Patrick,1978-07-29,46,Hindi,Female,Port Michael,Tennessee,India
333,Brian,April,Long,1983-03-26,42,Hindi,Female,Woodsside,Arizona,France
504,Julie,Amanda,Marquez,1983-12-09,41,Hindi,Prefer not to say,Nicholasville,Louisiana,Japan
600,Mark,,Rojas,1976-12-24,48,Hindi,Male,Hunttown,Montana,Japan
602,Alison,Steven,Huerta,1974-06-23,50,Hindi,Prefer not to say,Lake Christopher,Ohio,Japan
691,Chelsea,Cassandra,Little,1984-09-29,40,Hindi,Male,Rodriguezburgh,Connecticut,China
713,Jorge,Christine,Summers,1977-12-23,47,Hindi,Prefer not to say,Jaredmouth,Florida,India
782,Michelle,,Stevens,1977-05-18,47,Hindi,Non-binary,East Jennifer,California,Canada
810,Jonathan,,Parks,1983-07-27,41,Hindi,Prefer not to say,East Benjaminchester,Colorado,Canada
816,Christopher,Rebecca,Horn,1983-12-07,41,Hindi,Male,Haneyside,Utah,Germany
843,Christopher,Rodney,Kelly,1982-11-13,42,Hindi,Non-binary,Port Sylvia,West Virginia,Brazil
1073,Summer,Eric,Harris,1980-12-22,44,Hindi,Male,Hogantown,Missouri,Japan
1112,Kristin,Patricia,Lopez,1984-02-15,41,Hindi,Non-binary,Jenniferton,Hawaii,France
1141,Donald,,Wagner,1977-12-22,47,Hindi,Female,Port Sharichester,Wisconsin,France
1166,Sarah,,Miles,1976-04-03,48,Hindi,Female,East Jenniferville,Iowa,Canada
1220,Sara,,Murray,1977-10-25,47,Hindi,Female,Millermouth,South Carolina,Brazil
1237,Gina,Margaret,Dean,1983-10-12,41,Hindi,Female,Chelseashire,Maryland,India
1248,Kelly,Jennifer,Edwards,1977-01-03,48,Hindi,Male,Beverlyhaven,Indiana,Canada
1314,Stephen,Rhonda,Harrison,1977-10-22,47,Hindi,Non-binary,Garciastad,New Mexico,Canada
1416,Crystal,Samantha,Moody,1985-02-25,40,Hindi,Male,North Mariamouth,New York,Germany
1421,Todd,Tina,Ramirez,1979-10-12,45,Hindi,Non-binary,East Michael,West Virginia,UK
1440,Jennifer,Hunter,Potts,1983-02-06,42,Hindi,Non-binary,Leonardport,Arkansas,Australia
1492,Jasmine,Dawn,Mccarthy,1984-11-09,40,Hindi,Non-binary,Cynthiamouth,Montana,Germany
1516,Candace,Sharon,Johnson,1978-06-18,46,Hindi,Male,Bergfort,West Virginia,Canada
1553,Melissa,Brittany,Coleman,1978-02-24,47,Hindi,Prefer not to say,Heathershire,Delaware,Germany
1564,Sarah,Robert,Hopkins,1979-10-27,45,Hindi,Male,East Mike,Rhode Island,China
1614,Sandra,,Brennan,1981-08-07,43,Hindi,Female,Anthonyburgh,Florida,Canada
1685,Walter,,Deleon,1984-06-24,40,Hindi,Non-binary,Perezstad,Nebraska,Japan
1696,James,,Harris,1981-05-10,43,Hindi,Female,Port Michael,RI,USA
1870,Fernando,,Henderson,1975-05-31,49,Hindi,Prefer not to say,Smithview,Kansas,Canada
1909,Donna,,Freeman,1977-02-25,48,Hindi,Male,Smithberg,California,Japan
1932,Gregory,Haley,Nixon,1978-06-10,46,Hindi,Prefer not to say,Port Maria,Hawaii,Brazil
2044,David,,Hall,1975-12-01,49,Hindi,Female,Kylemouth,Mississippi,Brazil
2098,Sara,Derrick,Madden,1984-09-18,40,Hindi,Prefer not to say,Tinaburgh,VA,USA
2140,Vanessa,,Martinez,1975-12-13,49,Hindi,Prefer not to say,Lake Lorraine,Nebraska,China
2429,Amy,Donna,Austin,1981-10-08,43,Hindi,Prefer not to say,Scottberg,South Dakota,China
2569,Kristy,Kevin,Carter,1975-08-17,49,Hindi,Female,North Christina,Delaware,Brazil
2644,Gabriel,John,Horton,1983-04-19,41,Hindi,Prefer not to say,West Erikview,South Carolina,Brazil
2674,Elizabeth,Shane,Johnson,1984-01-30,41,Hindi,Non-binary,Amandaport,Kentucky,Canada
2727,Jeffrey,,Kelly,1976-05-10,48,Hindi,Prefer not to say,Laneburgh,Oregon,India
2821,Kenneth,Diana,Dyer,1981-11-24,43,Hindi,Non-binary,Cabrerachester,MN,USA
2828,Samantha,,Moore,1976-12-21,48,Hindi,Male,Gutierrezfurt,Pennsylvania,Germany
3389,Sharon,Gerald,Peterson,1974-04-07,50,Hindi,Non-binary,West Christine,Utah,India
3400,Jonathon,Bradley,Peterson,1983-12-02,41,Hindi,Female,Jeremyville,Louisiana,UK
3431,Amy,,Khan,1980-09-18,44,Hindi,Non-binary,Gregoryport,Missouri,Australia
3667,Jacob,Taylor,Jacobson,1985-03-11,40,Hindi,Prefer not to say,Jonesview,Alabama,Australia
3690,James,Melissa,Christian,1977-04-30,47,Hindi,Male,Port Robert,Florida,Canada
3765,John,,Bailey,1976-01-09,49,Hindi,Prefer not to say,Heathberg,Minnesota,Australia
3817,Robin,Todd,Mcknight,1981-12-28,43,Hindi,Non-binary,Cameronberg,KS,USA
3857,Jeanne,,Mejia,1975-07-16,49,Hindi,Prefer not to say,Youngfurt,Tennessee,China
3910,Angela,,Kennedy,1984-09-10,40,Hindi,Prefer not to say,East Jeffery,Wisconsin,Brazil
3920,Corey,Joseph,Johnson,1984-01-04,41,Hindi,Prefer not to say,South Anthonyview,North Dakota,Canada
3936,Megan,,Holloway,1976-01-19,49,Hindi,Male,Muellerburgh,South Carolina,Canada
3954,Jason,Jeffrey,Hayes,1983-10-24,41,Hindi,Male,Christopherbury,Oregon,UK
4227,Donald,Samantha,Davila,1983-08-16,41,Hindi,Male,West Kimberly,Montana,Canada
4229,Diana,,Rose,1976-07-28,48,Hindi,Non-binary,Rebeccafurt,Louisiana,China
4275,Tyler,Michael,Bryant,1979-03-24,46,Hindi,Male,Halltown,New York,Germany
4403,Maurice,Xavier,Gilbert,1984-12-21,40,Hindi,Male,Meaganfurt,OH,USA
4456,Patrick,Jennifer,Rodriguez,1982-10-25,42,Hindi,Male,Johnsonstad,California,China
4513,Chad,Douglas,Sanders,1984-06-04,40,Hindi,Female,South Jason,Arizona,Japan
4515,James,Richard,Martinez,1980-01-24,45,Hindi,Male,Port Clayton,AR,USA
4650,Angel,,Conner,1982-06-06,42,Hindi,Male,Martinezville,Minnesota,UK
4792,Lindsey,Michael,Bradshaw,1979-10-16,45,Hindi,Prefer not to say,Castroport,Oregon,Canada
4815,Janet,David,Herrera,1975-03-09,50,Hindi,Non-binary,Patelhaven,Iowa,Germany
4863,Sarah,,Lewis,1975-11-11,49,Hindi,Prefer not to say,Kristophertown,Montana,France
4948,Heidi,Dale,Martinez,1976-11-26,48,Hindi,Non-binary,Shelbychester,Nevada,China
4986,Lance,Kimberly,Hart,1976-10-27,48,Hindi,Non-binary,Jamiechester,Massachusetts,Canada
5110,Eric,,Bishop,1976-11-17,48,Hindi,Male,New Desiree,Texas,Germany
5128,Drew,Kari,Cline,1981-10-14,43,Hindi,Prefer not to say,Port Michael,MP,USA
5170,Cameron,,Rollins,1982-11-19,42,Hindi,Prefer not to say,Lisaville,GA,USA
5173,Julie,Victor,White,1982-06-14,42,Hindi,Prefer not to say,North Charles,Louisiana,China
5199,Joseph,,Ray,1985-03-27,40,Hindi,Non-binary,Bendertown,Louisiana,Canada
5205,Gregory,Donald,Singh,1985-02-25,40,Hindi,Non-binary,East Marc,Kentucky,Brazil
5240,Tammy,,Duarte,1978-04-19,46,Hindi,Non-binary,Yatesview,Indiana,China
5284,Susan,,Hayden,1980-06-14,44,Hindi,Female,Younghaven,Oklahoma,Japan
5294,Luis,Daniel,Bradley,1981-04-19,43,Hindi,Prefer not to say,Elainefort,Mississippi,UK
5352,Angela,Deborah,Powers,1982-07-02,42,Hindi,Non-binary,Dawsontown,South Dakota,Canada
5402,Craig,Stephanie,Carey,1981-07-18,43,Hindi,Prefer not to say,Wilsonberg,Alaska,India
5412,Nicole,Richard,Stevens,1980-12-15,44,Hindi,Non-binary,Margarettown,South Carolina,China
5455,Ryan,,Davis,1982-03-07,43,Hindi,Male,West Melvin,IN,USA
5488,Holly,Mary,Curry,1974-06-22,50,Hindi,Male,Gregoryburgh,New Jersey,Germany
5562,Jennifer,Timothy,Delgado,1982-07-29,42,Hindi,Male,Garciahaven,MD,USA
5571,Christy,,Garcia,1977-05-11,47,Hindi,Female,New Nicholasland,Alaska,Australia
5664,Jeffery,Darlene,Mullins,1975-02-22,50,Hindi,Male,Gregorychester,Texas,Canada
5818,Kathleen,Kayla,Macias,1982-08-10,42,Hindi,Male,Lopezburgh,California,Canada
6053,John,Katie,Williams,1976-01-04,49,Hindi,Female,Lake Patrickshire,North Dakota,Brazil
6109,Marcia,Kimberly,Parker,1983-07-21,41,Hindi,Non-binary,Frostport,Missouri,Germany
6258,Katrina,William,Simmons,1981-01-10,44,Hindi,Female,Port Stephanie,IA,USA
6302,Jim,Jenny,Morgan,1984-09-17,40,Hindi,Male,Millerland,New Mexico,Canada
6467,Elizabeth,Samuel,Allen,1984-12-05,40,Hindi,Female,Williamsberg,Alabama,Germany
6630,Patricia,Amanda,White,1983-12-13,41,Hindi,Male,West Whitneyshire,Vermont,Brazil
6756,Duane,,Hickman,1978-08-08,46,Hindi,Non-binary,New James,Wisconsin,UK
6847,Sharon,Carrie,Griffin,1984-04-11,40,Hindi,Male,South Courtneyfurt,Wisconsin,UK
6967,Cheryl,,Olsen,1976-02-14,49,Hindi,Non-binary,Hollandburgh,Michigan,UK
7065,Jennifer,Rick,Compton,1976-07-12,48,Hindi,Female,West Randall,Maine,France
7292,John,,Melton,1975-11-20,49,Hindi,Prefer not to say,Elizabethburgh,DE,USA
7345,Christopher,Sarah,Brown,1979-09-30,45,Hindi,Female,North Steven,Idaho,UK
7359,Zachary,Mary,Thomas,1977-05-04,47,Hindi,Male,Lake Corey,Colorado,UK
7375,Brittany,Cody,Knight,1985-01-16,40,Hindi,Male,Jonesfurt,Oklahoma,UK
7473,Brittany,Gregory,Marquez,1975-06-16,49,Hindi,Female,Medinaton,Virginia,Brazil
7513,Allison,Manuel,Anderson,1978-04-24,46,Hindi,Non-binary,Freemanborough,Washington,Germany
7515,Jacqueline,Joseph,Weber,1974-04-21,50,Hindi,Prefer not to say,East Richard,Ohio,Japan
7616,Elizabeth,David,Thompson,1983-08-06,41,Hindi,Male,Hendersonberg,Maine,China
7635,Michelle,Shannon,Murphy,1981-07-01,43,Hindi,Male,Hillchester,Washington,Germany
7662,Katherine,Richard,Martin,1984-04-16,40,Hindi,Female,North Gregory,Nebraska,UK
7668,Carl,Emma,Green,1979-03-18,46,Hindi,Male,Timothyview,North Carolina,France
7818,Nathan,Zoe,Wilkerson,1975-05-02,49,Hindi,Female,West Edward,Minnesota,Australia
7939,Jose,,Baker,1975-03-08,50,Hindi,Male,North Johnview,Louisiana,Germany
7942,Parker,Jose,Pennington,1974-07-27,50,Hindi,Female,Brooksfurt,Delaware,China
7993,Diane,Morgan,Pena,1981-12-17,43,Hindi,Prefer not to say,Lawrenceland,Alaska,Japan
7996,Nicholas,Lindsay,Green,1977-03-18,48,Hindi,Female,New Lindsey,Kansas,Brazil
8111,Robert,Dustin,Reed,1983-07-28,41,Hindi,Non-binary,Michaelton,Idaho,India
8156,Joseph,Wesley,Smith,1983-02-04,42,Hindi,Non-binary,Lake Jennifer,Idaho,Australia
8160,Chloe,,Walker,1976-05-18,48,Hindi,Non-binary,Warrenburgh,Minnesota,Japan
8317,Henry,,Hart,1978-05-06,46,Hindi,Non-binary,Port Scottchester,New Jersey,China
8438,Rhonda,,Mcneil,1979-09-01,45,Hindi,Female,Barrettville,New York,Japan
8492,Amber,Pamela,Wood,1984-07-25,40,Hindi,Non-binary,Callahanburgh,Iowa,Japan
8598,Jennifer,Nathan,Taylor,1976-12-30,48,Hindi,Female,Fernandezburgh,Maine,Australia
8669,Renee,,Moreno,1985-02-02,40,Hindi,Non-binary,New Danielle,Minnesota,India
8676,Ronald,Sheryl,Hill,1981-03-13,44,Hindi,Female,Martinfurt,Arizona,Australia
8680,Rebecca,James,Baker,1981-08-14,43,Hindi,Non-binary,Alexandraborough,Utah,India
8737,Molly,Anthony,Schwartz,1979-03-31,45,Hindi,Prefer not to say,Theresamouth,Pennsylvania,Japan
8765,William,Kayla,Hale,1976-12-03,48,Hindi,Male,Chambersburgh,Georgia,Brazil
8794,Nathan,Rachel,Velasquez,1981-07-09,43,Hindi,Prefer not to say,West Noahtown,Alabama,Brazil
8896,Daniel,Deanna,Chavez,1977-06-04,47,Hindi,Prefer not to say,Fostertown,New Jersey,Australia
8983,Samuel,Willie,Rogers,1981-05-15,43,Hindi,Male,Port Tonya,Maryland,India
9006,Stephanie,Holly,Smith,1980-01-03,45,Hindi,Prefer not to say,West Jeffrey,Montana,Canada
9223,Rebecca,,Payne,1976-02-25,49,Hindi,Male,South Steven,Mississippi,France
9301,Teresa,Amy,Hill,1975-08-09,49,Hindi,Male,New Jeffrey,Kentucky,India
9354,Robert,Joan,Martin,1976-09-01,48,Hindi,Prefer not to say,Taylorville,Connecticut,UK
9375,Andrew,,Mccoy,1980-01-18,45,Hindi,Non-binary,Cookchester,Arizona,France
9392,Tami,,Richardson,1977-03-11,48,Hindi,Male,Greeneview,SC,USA
9604,Sara,Sandra,Jensen,1981-10-08,43,Hindi,Prefer not to say,Derrickbury,MS,USA
9608,Corey,,Fritz,1974-12-14,50,Hindi,Non-binary,North Breannaton,West Virginia,UK
9689,Devin,,Perez,1979-10-10,45,Hindi,Female,Ralphstad,Pennsylvania,Australia
9724,Douglas,Caitlin,Jackson,1976-11-06,48,Hindi,Non-binary,Phillipsmouth,Maryland,UK
9757,Todd,Jared,Morris,1983-01-13,42,Hindi,Female,Gilbertmouth,PA,USA
9841,Christian,Christopher,Harris,1975-01-20,50,Hindi,Male,West Patricia,Nevada,India
9910,Robert,Dustin,Wilkerson,1983-06-12,41,Hindi,Non-binary,South Amandaland,Colorado,UK
9932,Whitney,Brian,Willis,1981-06-10,43,Hindi,Non-binary,Randyshire,Mississippi,Brazil
10219,Judith,Christopher,Day,1976-08-22,48,Hindi,Prefer not to say,Gonzaleschester,Mississippi,Brazil
10342,Robin,Jesse,Duke,1976-08-03,48,Hindi,Non-binary,East Sheri,Massachusetts,India
10382,Linda,Christina,Allison,1976-09-03,48,Hindi,Non-binary,North James,Oklahoma,Japan
10388,Anthony,Frederick,Moore,1975-12-02,49,Hindi,Prefer not to say,New Jeffrey,Alaska,Australia
10419,David,Yolanda,Graham,1982-01-25,43,Hindi,Female,North Bethanychester,West Virginia,China
10429,Christina,,Hart,1975-12-28,49,Hindi,Male,Ryanview,Missouri,Germany
10639,Kristen,,Bush,1976-10-14,48,Hindi,Male,New Lisa,Florida,UK
10675,Morgan,,Carrillo,1983-04-16,41,Hindi,Non-binary,Adamchester,Delaware,China
10713,Samantha,Garrett,Larsen,1978-05-26,46,Hindi,Prefer not to say,East Angelaville,Vermont,India
10820,Heidi,Dana,Mckay,1977-01-19,48,Hindi,Female,North Kim,Maine,India
10905,Mary,Sandra,Gonzalez,1976-07-12,48,Hindi,Non-binary,Youngbury,Massachusetts,India
10953,Larry,,Frey,1978-05-23,46,Hindi,Non-binary,North Kristinabury,MO,USA
11019,Eric,Jeffery,Pena,1979-01-12,46,Hindi,Prefer not to say,East Jason,FL,USA
11069,Abigail,,Williams,1980-03-24,45,Hindi,Male,West Gloria,Louisiana,UK
11102,Tracy,Brittany,Armstrong,1975-09-23,49,Hindi,Non-binary,New Grant,Texas,Australia
11440,Lisa,Elizabeth,Shaw,1976-03-14,49,Hindi,Non-binary,Lucaston,Texas,France
11518,Gina,Bridget,Roman,1980-04-07,44,Hindi,Prefer not to say,Anthonystad,Alaska,Canada
11615,Laurie,Gary,Buckley,1981-01-08,44,Hindi,Male,Coleton,Kansas,Brazil
11653,Darrell,,Lynch,1981-05-21,43,Hindi,Male,New Carlaside,Delaware,Brazil
11705,Krista,Michelle,Williams,1974-11-29,50,Hindi,Female,Lake Kathrynville,New Mexico,Brazil
11804,Jason,Chelsea,Ochoa,1980-04-27,44,Hindi,Prefer not to say,East Bridget,Kentucky,China
11942,Timothy,Jane,Tucker,1983-10-01,41,Hindi,Female,Amandastad,Vermont,Germany
11975,Ralph,,Wiley,1981-03-02,44,Hindi,Prefer not to say,New Elizabethbury,Alaska,Brazil
11991,David,Nichole,Carter,1974-06-13,50,Hindi,Female,Sanchezshire,New Hampshire,China
11998,Gary,David,Mccarthy,1979-06-18,45,Hindi,Female,West Amber,Virginia,UK
12002,Ashley,Richard,Ward,1982-10-11,42,Hindi,Non-binary,West Aaronmouth,North Dakota,Australia
12023,David,,Jackson,1983-02-20,42,Hindi,Non-binary,Port Steventown,Nevada,France
12242,Erik,Antonio,Matthews,1978-07-12,46,Hindi,Male,Lake Leah,Mississippi,Canada
12273,Shawna,Matthew,Duncan,1979-01-19,46,Hindi,Female,Baldwinside,Georgia,China
12311,Patricia,William,Rivera,1982-07-03,42,Hindi,Male,Jeremiahberg,Pennsylvania,UK
12360,Robert,,Johnston,1983-01-15,42,Hindi,Prefer not to say,Benjaminport,New York,Australia
12474,Ashley,Andrew,Smith,1976-12-10,48,Hindi,Male,Timothyburgh,Michigan,Canada
12535,Chris,Dustin,Palmer,1975-03-12,50,Hindi,Non-binary,Perezbury,New Mexico,Japan
12649,Stephen,,Moreno,1982-09-22,42,Hindi,Prefer not to say,Smithfort,North Dakota,India
12706,Christopher,,Miller,1980-11-07,44,Hindi,Prefer not to say,South Dakotatown,AK,USA
12714,Ralph,Cristina,Dillon,1981-01-07,44,Hindi,Male,Lake Deanna,VA,USA
12731,Richard,Megan,Dunlap,1978-08-25,46,Hindi,Non-binary,Ronaldberg,New Hampshire,China
12748,Veronica,Cynthia,Ball,1974-05-14,50,Hindi,Male,Nicholeton,AL,USA
12886,Andrea,Karen,Harris,1984-02-05,41,Hindi,Prefer not to say,West Kim,Washington,India
12894,Rachel,,Schneider,1983-04-12,41,Hindi,Female,South Donna,Utah,France
12974,Dennis,Stacey,Wallace,1984-05-30,40,Hindi,Female,Mcmahonstad,Maryland,France
13186,Christopher,,Velez,1976-06-29,48,Hindi,Non-binary,South Carol,North Carolina,Japan
13187,Douglas,Karen,Cole,1974-12-30,50,Hindi,Female,Port Peterchester,Mississippi,Japan
13260,Lisa,,Bennett,1982-01-13,43,Hindi,Female,North Patricia,Texas,France
13272,Laura,,Martin,1984-10-18,40,Hindi,Prefer not to say,East Angelafort,Kentucky,India
13321,Eric,,Kim,1980-06-18,44,Hindi,Male,Stephensonland,North Carolina,Australia
13328,Brian,Daniel,Terry,1978-04-17,46,Hindi,Male,Smithville,Alabama,Japan
13343,Erik,Elizabeth,Fitzgerald,1975-09-09,49,Hindi,Prefer not to say,Ianshire,MS,USA
13356,Emily,,Butler,1976-01-22,49,Hindi,Prefer not to say,North Chloestad,New Jersey,Brazil
13405,Veronica,Nancy,Jackson,1981-05-07,43,Hindi,Male,Lake Yolandashire,New Mexico,China
13408,Lisa,Billy,King,1975-10-16,49,Hindi,Prefer not to say,Kennethhaven,California,France
13534,Daniel,Dana,Williams,1982-04-02,42,Hindi,Female,North Jessicaview,Alaska,Japan
13580,Joshua,Benjamin,Guzman,1977-08-14,47,Hindi,Male,North Angelaport,Maryland,Australia
13708,Amanda,David,Fleming,1974-05-29,50,Hindi,Prefer not to say,New Catherine,WI,USA
13719,Laura,,Hall,1977-10-07,47,Hindi,Male,New Nicholas,Indiana,Brazil
13723,Kimberly,,Greene,1975-08-27,49,Hindi,Prefer not to say,East Shannon,Mississippi,Germany
13732,Todd,,Obrien,1980-09-07,44,Hindi,Female,Port Tammyhaven,Virginia,Canada
13753,Cassandra,Joseph,Hicks,1978-04-10,46,Hindi,Non-binary,Josephmouth,New Hampshire,Brazil
13763,Jeffrey,,Lang,1983-08-11,41,Hindi,Female,Stephenbury,New Hampshire,Australia
13902,Evan,Steven,Clark,1984-06-10,40,Hindi,Non-binary,West Amber,Colorado,Australia
13920,Tamara,John,Mason,1982-03-21,43,Hindi,Male,West James,Pennsylvania,France
13962,Kenneth,Joseph,Peters,1983-05-08,41,Hindi,Male,Leonardburgh,Montana,France
13989,Judith,James,Schwartz,1977-04-29,47,Hindi,Female,South Samuel,Wisconsin,Germany
14098,Ariel,William,Brady,1983-04-14,41,Hindi,Prefer not to say,North Joseph,California,Japan
14125,Michael,Sara,Mcintosh,1982-02-23,43,Hindi,Male,Franklinport,California,UK
14162,Jason,Andrea,Howell,1977-03-10,48,Hindi,Female,East Carly,Missouri,Germany
14203,Cindy,Eric,Castillo,1975-07-27,49,Hindi,Female,Grayburgh,Wisconsin,Australia
14474,Jose,Michael,Ramirez,1975-12-09,49,Hindi,Prefer not to say,South Lesliebury,Pennsylvania,Brazil
14631,Carolyn,,Brooks,1981-10-27,43,Hindi,Prefer not to say,Brownshire,Minnesota,India
14635,David,Barbara,Hays,1982-05-26,42,Hindi,Prefer not to say,Robertmouth,Connecticut,Australia
14688,Rita,,Moore,1983-11-02,41,Hindi,Prefer not to say,West Bradley,Wyoming,Canada
14758,Matthew,Chad,Hayes,1978-07-02,46,Hindi,Male,Piercestad,California,Australia
14797,Cameron,Amy,Simmons,1976-03-13,49,Hindi,Non-binary,East Brandi,Pennsylvania,France
14856,David,,Dunlap,1984-12-09,40,Hindi,Prefer not to say,Williamburgh,Montana,Germany
14902,Donna,Brandon,Hopkins,1978-03-25,47,Hindi,Non-binary,New Kyle,Oklahoma,Canada
14994,Gerald,,Morris,1975-07-27,49,Hindi,Non-binary,South Edwardstad,MS,USA
15000,Christopher,Anne,Bates,1975-08-22,49,Hindi,Non-binary,Rodriguezstad,Alaska,China
15079,Nancy,Judy,Harris,1974-06-07,50,Hindi,Male,Reyesland,South Carolina,China
15130,Breanna,,Black,1982-12-18,42,Hindi,Non-binary,Shawnview,Minnesota,UK
15324,Jared,,Snyder,1982-02-28,43,Hindi,Prefer not to say,Kevinborough,Connecticut,China
15493,Angelica,George,Brown,1975-05-25,49,Hindi,Male,Justinhaven,Utah,Australia
15531,Andrew,Jessica,Edwards,1974-09-18,50,Hindi,Male,Curtisfurt,Mississippi,Australia
15679,Victoria,Randy,Brown,1981-04-10,43,Hindi,Prefer not to say,Jackieside,Massachusetts,Germany
15765,Anthony,Martha,Richard,1975-06-08,49,Hindi,Non-binary,South Derekstad,Alaska,Brazil
15808,Brittany,Deborah,Newton,1981-02-07,44,Hindi,Male,South Joshuabury,Ohio,Brazil
15886,Vanessa,Hannah,Payne,1975-01-29,50,Hindi,Female,Erikchester,Utah,China
15893,Michael,,Garza,1978-09-29,46,Hindi,Male,North Christopherfurt,Tennessee,Brazil
15939,Robert,Peggy,Williams,1983-04-01,41,Hindi,Prefer not to say,North Michelle,Alaska,UK
15946,Elizabeth,Miranda,Jacobs,1978-07-17,46,Hindi,Prefer not to say,South Kylemouth,Connecticut,UK
15985,Elizabeth,Evan,Park,1980-08-22,44,Hindi,Prefer not to say,Rhondaside,Washington,Australia
16053,Bradley,Gregory,Diaz,1982-06-30,42,Hindi,Prefer not to say,South Brianton,Pennsylvania,Japan
16091,Raymond,Shannon,Ibarra,1981-04-20,43,Hindi,Female,East Anthony,Hawaii,France
16156,Kelly,,Diaz,1978-01-10,47,Hindi,Prefer not to say,East Rachelland,MO,USA
16168,Toni,Lisa,Mcclain,1974-04-09,50,Hindi,Non-binary,Lake Shane,Indiana,Japan
16260,Corey,Douglas,Grimes,1981-04-08,43,Hindi,Prefer not to say,New Joseview,Mississippi,Australia
16387,Linda,Wesley,Newton,1978-12-10,46,Hindi,Prefer not to say,Lisafurt,Arkansas,UK
16544,Larry,Logan,Garcia,1983-08-13,41,Hindi,Non-binary,Garyberg,New York,France
16562,Lindsay,,Dorsey,1975-12-13,49,Hindi,Female,West Davidchester,North Carolina,Germany
16621,Sherry,Philip,Benson,1975-11-11,49,Hindi,Male,Randyfort,Vermont,Japan
16735,Julie,Thomas,Walton,1983-10-02,41,Hindi,Female,Lake Peter,Texas,Japan
16758,Joseph,Melissa,Lyons,1975-11-26,49,Hindi,Non-binary,East Joseph,Vermont,India
16876,Brett,Steven,Daniels,1979-06-22,45,Hindi,Male,Paigeberg,Colorado,Brazil
16926,Victoria,William,Lee,1978-08-05,46,Hindi,Male,East Matthew,Iowa,Canada
16973,Maria,,Gates,1980-12-03,44,Hindi,Non-binary,South Arielmouth,Rhode Island,Japan
16999,Deanna,Tonya,Kerr,1975-07-12,49,Hindi,Male,Jonesshire,Louisiana,India
17395,Stephanie,Megan,Hill,1984-05-05,40,Hindi,Male,Riveraland,Minnesota,Germany
17519,Derek,Destiny,Roberts,1980-11-09,44,Hindi,Female,Port Douglasborough,Texas,China
17546,Andrew,,Morton,1983-05-14,41,Hindi,Prefer not to say,Nguyenside,Utah,Brazil
17560,Carolyn,Jessica,Butler,1980-07-15,44,Hindi,Female,Brooksville,New York,Germany
17571,Frank,Bobby,Tran,1975-12-03,49,Hindi,Prefer not to say,North Adam,Nevada,Australia
17591,Marissa,,Figueroa,1976-03-27,49,Hindi,Non-binary,Port Jeremy,Montana,Germany
17646,Jacob,Kristy,Jennings,1981-10-03,43,Hindi,Prefer not to say,South Richardshire,Vermont,India
17648,Devon,,Gonzales,1980-07-21,44,Hindi,Female,Parkerville,Virginia,India
17762,Michael,Andre,Lee,1975-12-18,49,Hindi,Prefer not to say,Grantstad,Minnesota,UK
17782,Kenneth,Matthew,Howell,1978-11-25,46,Hindi,Male,Robertsside,Maine,China
17793,Brittany,Ashley,Sutton,1982-11-07,42,Hindi,Male,Silvafort,Texas,Canada
17829,Bethany,Jerry,Williams,1982-05-16,42,Hindi,Prefer not to say,Lake Katiebury,Colorado,UK
17939,Adrian,Alicia,Allen,1980-03-26,45,Hindi,Prefer not to say,West Ericmouth,Idaho,Brazil
17996,Stacy,Eric,Stephens,1982-05-08,42,Hindi,Non-binary,New Linda,Tennessee,Japan
18039,Rachael,Scott,Ingram,1983-01-04,42,Hindi,Male,Watsonport,Nebraska,Australia
18118,Robert,Annette,Baker,1977-12-25,47,Hindi,Prefer not to say,Allenton,Virginia,Germany
18123,Mark,Manuel,Juarez,1982-01-17,43,Hindi,Male,Medinamouth,Alaska,UK
18198,John,Cynthia,Howard,1979-04-18,45,Hindi,Non-binary,South Maxwellshire,Wyoming,France
18235,Anthony,,Mullins,1985-03-12,40,Hindi,Prefer not to say,Cameronton,Alabama,India
18244,Nicole,Alexandra,Long,1976-09-16,48,Hindi,Non-binary,Lewisborough,OR,USA
18278,Walter,,Moore,1980-08-25,44,Hindi,Male,Webbport,South Carolina,Australia
18335,Amy,Kyle,Nguyen,1978-09-05,46,Hindi,Non-binary,Lynchtown,Kentucky,Japan
18392,Michael,,Perez,1984-05-07,40,Hindi,Prefer not to say,Lake Brianstad,Delaware,Brazil
18462,William,Stephanie,Bowman,1978-12-24,46,Hindi,Prefer not to say,North Catherine,West Virginia,Canada
18527,Norman,Dalton,Woods,1977-03-17,48,Hindi,Non-binary,Ortiztown,Tennessee,France
18611,Wayne,,Small,1984-12-14,40,Hindi,Prefer not to say,East Angelachester,Oregon,Australia
18641,Mandy,Cindy,Schultz,1979-07-27,45,Hindi,Male,Connerborough,Kansas,Japan
18659,Becky,Michael,Cervantes,1983-08-04,41,Hindi,Prefer not to say,West Austin,Ohio,Brazil
18742,Ryan,Antonio,Romero,1975-03-04,50,Hindi,Male,South Robert,Maine,UK
18966,Glenn,Brandon,Lane,1978-08-05,46,Hindi,Prefer not to say,Jasonport,Nevada,Germany
18967,Mackenzie,,Huynh,1984-01-26,41,Hindi,Female,Cooperhaven,Alabama,Japan
19005,Tyler,,Stephens,1977-06-04,47,Hindi,Female,Barbaraside,Louisiana,Australia
19045,Kimberly,Karen,Ayala,1976-04-21,48,Hindi,Male,Jessicatown,Tennessee,Australia
19102,Tina,Michael,Davis,1977-08-13,47,Hindi,Male,Cartermouth,VI,USA
19162,Cynthia,Scott,Hansen,1980-06-22,44,Hindi,Non-binary,Montesland,South Carolina,Canada
19173,Cynthia,Matthew,Horton,1976-07-26,48,Hindi,Male,Nguyenshire,Michigan,China
19221,Lisa,Jennifer,Camacho,1979-12-17,45,Hindi,Non-binary,Willismouth,Michigan,Australia
19249,Erin,Kathleen,Barnes,1978-11-03,46,Hindi,Male,Caldwellfort,Oregon,China
19318,George,,Ward,1984-09-24,40,Hindi,Male,East Kevinton,Connecticut,Australia
19382,Kari,Andrew,Hunt,1977-03-24,48,Hindi,Male,North Charlesside,Colorado,Canada
19423,Rodney,Omar,Floyd,1974-10-30,50,Hindi,Male,Lake Susan,Vermont,UK
19501,Dawn,William,Jefferson,1976-04-08,48,Hindi,Non-binary,North Timothy,Arizona,India
19543,Michael,Selena,Rivera,1975-03-20,50,Hindi,Male,Victoriafort,Ohio,Japan
19823,Michael,,Davis,1979-10-09,45,Hindi,Male,Flemingmouth,NJ,USA
19958,Steven,Jeffrey,Willis,1981-09-13,43,Hindi,Non-binary,East Andrew,Colorado,China
20012,Joseph,Brandon,Edwards,1983-04-17,41,Hindi,Non-binary,East Royshire,Maine,India
20234,Jeffrey,Gary,Williams,1976-09-04,48,Hindi,Male,Port Michaelfort,Connecticut,China
20243,Jack,Bradley,Bell,1983-10-18,41,Hindi,Male,Lake Michaelside,Virginia,Germany
20285,Dustin,Douglas,Jackson,1977-01-25,48,Hindi,Female,Deborahchester,Michigan,Germany
20317,Brandon,Edward,Collins,1984-07-24,40,Hindi,Prefer not to say,Thomasborough,VA,USA
20359,Sarah,Todd,Phillips,1974-06-21,50,Hindi,Male,North Jamesfurt,New Hampshire,Brazil
20380,Dana,,Wilson,1978-02-08,47,Hindi,Female,Williamsshire,Alabama,Brazil
20418,Ashlee,Michael,Tanner,1976-05-15,48,Hindi,Prefer not to say,Smithport,Louisiana,Germany
20441,Brian,,Orr,1983-11-15,41,Hindi,Prefer not to say,North Rebecca,CO,USA
20455,Dwayne,,Wu,1977-12-09,47,Hindi,Male,Porterview,Idaho,Australia
20503,Rhonda,Wanda,Gray,1974-04-20,50,Hindi,Prefer not to say,North Loritown,Nevada,Brazil
20511,Travis,Lisa,Craig,1981-03-30,43,Hindi,Female,Devinbury,NC,USA
20514,Christopher,Christine,Welch,1980-03-05,45,Hindi,Female,East Christopher,California,Australia
20557,Philip,Joseph,Romero,1979-10-31,45,Hindi,Male,East Michelleborough,Washington,Canada
20761,Ryan,Charles,Rodriguez,1978-04-08,46,Hindi,Prefer not to say,Lake Danieltown,Hawaii,India
20834,Jason,Bryan,Grant,1974-07-23,50,Hindi,Prefer not to say,Brittanyfort,California,China
20851,Juan,Andrew,Johnson,1985-02-06,40,Hindi,Female,New Heatherhaven,New Mexico,UK
21011,Russell,,Powell,1982-11-17,42,Hindi,Prefer not to say,East Williammouth,South Dakota,Australia
21114,David,,Short,1974-07-10,50,Hindi,Female,Lake Kristenview,Indiana,India
21231,Brian,,Massey,1980-06-24,44,Hindi,Female,Howardfurt,Utah,Australia
21249,Yvonne,,Tran,1978-09-26,46,Hindi,Male,Velazquezside,Maryland,Germany
21329,James,Yolanda,Sutton,1977-02-10,48,Hindi,Male,West Mariefort,Alaska,Canada
21393,Angela,Julie,Thomas,1980-07-25,44,Hindi,Non-binary,Freemanborough,West Virginia,Brazil
21521,Erin,Kerri,Jones,1976-09-27,48,Hindi,Non-binary,New Matthewstad,Florida,China
21631,Danielle,Mary,Ballard,1975-02-18,50,Hindi,Prefer not to say,East Joseph,New York,Canada
21791,Ryan,,Shannon,1977-07-28,47,Hindi,Male,Lake Melanieland,Ohio,Australia
21918,Nicholas,Valerie,Sellers,1979-02-09,46,Hindi,Female,Stevenfort,Virginia,Australia
22009,Hector,Courtney,Smith,1976-05-25,48,Hindi,Prefer not to say,Port Karen,Alabama,Canada
22233,Brittany,,Cobb,1982-03-29,43,Hindi,Prefer not to say,Victoriamouth,MO,USA
22257,Alyssa,Kayla,Hartman,1975-06-09,49,Hindi,Prefer not to say,West Mark,Minnesota,Canada
22307,Mallory,,Bell,1977-07-03,47,Hindi,Non-binary,Dwayneberg,New Mexico,China
22360,Sara,Angela,Cook,1982-02-08,43,Hindi,Non-binary,Paulfurt,Massachusetts,China
22524,Lee,,Francis,1975-07-16,49,Hindi,Prefer not to say,West Andreaborough,Missouri,Brazil
22558,Derek,James,James,1978-10-04,46,Hindi,Male,Stephenfurt,NY,USA
22649,Christian,Alexander,Stewart,1976-09-26,48,Hindi,Prefer not to say,South Phillipshire,CA,USA
22759,Charles,Manuel,Nolan,1983-09-29,41,Hindi,Prefer not to say,Priceport,Montana,Canada
22793,Monica,,Anderson,1982-01-10,43,Hindi,Non-binary,Lindsaystad,Louisiana,China
22798,David,Melanie,Pearson,1976-08-15,48,Hindi,Male,East Stevenberg,Louisiana,Australia
22953,William,Brian,Taylor,1984-06-06,40,Hindi,Prefer not to say,Port Cory,Pennsylvania,Brazil
22977,Ryan,Paula,Jackson,1982-12-24,42,Hindi,Prefer not to say,West Emilyport,Rhode Island,China
23035,Rebecca,Matthew,Robertson,1978-01-28,47,Hindi,Non-binary,Haydenfurt,Louisiana,Australia
23072,Kathleen,Kelly,Martinez,1982-03-05,43,Hindi,Male,Lake Melissa,Iowa,India
23074,Amy,Mark,Meadows,1982-02-12,43,Hindi,Female,Whitakerstad,Indiana,Brazil
23089,Kelly,Michael,Wilson,1979-01-05,46,Hindi,Non-binary,South Royview,IA,USA
23205,Sheri,Chelsea,Cole,1982-06-18,42,Hindi,Female,West Michael,LA,USA
23302,Susan,,Mccoy,1975-04-01,49,Hindi,Male,Larsonside,Ohio,Japan
23443,Barbara,Randall,Brown,1983-10-05,41,Hindi,Prefer not to say,Jenniferchester,Texas,China
23476,Michael,,Serrano,1983-07-30,41,Hindi,Prefer not to say,South Daniel,Connecticut,Germany
23581,Sean,Kevin,Clayton,1975-05-03,49,Hindi,Prefer not to say,Lake Jennifer,West Virginia,Brazil
23595,Tiffany,Samantha,Jones,1984-10-25,40,Hindi,Prefer not to say,Robertobury,Florida,France
23829,Edward,Billy,Evans,1978-01-08,47,Hindi,Non-binary,Jenkinsside,Pennsylvania,Brazil
24052,Patrick,Timothy,Moreno,1974-12-04,50,Hindi,Male,Wagnerchester,Ohio,India
24062,Anthony,Ariel,Davila,1980-02-23,45,Hindi,Male,West Nancyborough,Wisconsin,China
24228,Anthony,Johnny,Cardenas,1974-05-06,50,Hindi,Female,Downsland,Delaware,Germany
24280,David,Timothy,Rodriguez,1975-04-24,49,Hindi,Female,North Michael,Arkansas,UK
24317,Mike,Robert,Henderson,1976-12-03,48,Hindi,Female,East Karen,Michigan,Canada
24346,Vincent,Rachael,Weber,1981-06-10,43,Hindi,Female,Lake Rebeccaland,Rhode Island,France
24360,Angelica,,Hernandez,1983-12-11,41,Hindi,Male,Jaimefurt,Pennsylvania,China
24380,Sarah,Keith,Brown,1982-11-09,42,Hindi,Prefer not to say,Lake Edwinfort,Kansas,Germany
24435,Anthony,,Smith,1974-05-28,50,Hindi,Female,Riverstown,Nevada,Canada
24653,Sean,Ashley,Smith,1974-07-24,50,Hindi,Non-binary,Port Michael,Connecticut,Canada
24658,Shannon,Sheryl,Cameron,1982-09-23,42,Hindi,Male,Port Michaela,Washington,Germany
24728,David,Daisy,Perez,1974-06-18,50,Hindi,Prefer not to say,South Brettland,Washington,Canada
24743,Andrew,,Brock,1979-07-11,45,Hindi,Prefer not to say,North Ashley,Florida,Brazil
24771,Katrina,Kelly,Walters,1976-04-04,48,Hindi,Non-binary,West Elizabeth,Wyoming,China
24838,Matthew,Jonathan,Farmer,1978-03-04,47,Hindi,Male,Jessicaport,Nevada,Australia
24936,Patricia,Thomas,Rice,1979-09-24,45,Hindi,Male,East Troyville,Washington,Australia
25011,Jonathan,,Haynes,1978-07-04,46,Hindi,Male,Brownfurt,Arizona,Japan
25046,Chelsea,Vickie,Palmer,1982-03-25,43,Hindi,Male,Adamsfurt,Vermont,Japan
25155,Alexandria,,Adams,1977-09-28,47,Hindi,Prefer not to say,West Jenniferhaven,FL,USA
25243,Kathleen,Brian,Brown,1975-10-26,49,Hindi,Non-binary,Smithhaven,Vermont,Australia
25415,Leah,,Whitehead,1982-02-04,43,Hindi,Male,Lake Stanley,California,Japan
25532,Jerry,Amber,Castillo,1980-05-15,44,Hindi,Male,Elizabethton,Louisiana,India
25669,Wendy,,Moreno,1979-05-15,45,Hindi,Non-binary,Charlesborough,Illinois,Canada
25741,Valerie,Eric,Lynch,1977-01-31,48,Hindi,Male,Cartershire,Delaware,China
25763,Jennifer,Amanda,Cole,1979-04-16,45,Hindi,Non-binary,Dawnport,LA,USA
25897,Robert,Jeremy,Zavala,1982-06-01,42,Hindi,Female,Lake Bettyport,MH,USA
25965,Jesse,,Gray,1979-11-13,45,Hindi,Prefer not to say,East Kellyland,Missouri,UK
25994,Anthony,Alexandra,Thompson,1980-11-04,44,Hindi,Non-binary,Hayesborough,Tennessee,China
26010,Nicholas,Steven,Gonzalez,1977-04-26,47,Hindi,Non-binary,Jameschester,Vermont,China
26207,Alfred,Jeffrey,Stewart,1984-11-06,40,Hindi,Prefer not to say,Port Christine,Idaho,China
26252,Claudia,,Jackson,1978-11-25,46,Hindi,Female,New Meganbury,Maine,France
26428,Pamela,Michael,Holmes,1979-01-23,46,Hindi,Female,South Jaredport,OK,USA
26476,Ruth,Cindy,Brown,1982-05-04,42,Hindi,Non-binary,New Sarah,OK,USA
26580,Ashley,,Price,1974-08-01,50,Hindi,Non-binary,Lake Kathy,Iowa,Australia
26598,Timothy,Gary,Estrada,1981-06-14,43,Hindi,Female,Richardsonmouth,New Mexico,France
26612,Maria,,Young,1976-03-30,48,Hindi,Male,Port Emily,Massachusetts,Japan
26719,Bryan,,Daniels,1976-08-16,48,Hindi,Prefer not to say,Corytown,Kansas,India
26739,Melissa,Thomas,Moore,1975-12-20,49,Hindi,Non-binary,Port Amber,Wisconsin,Canada
26761,Heather,,Harper,1984-10-23,40,Hindi,Prefer not to say,Brandontown,North Dakota,Japan
26807,Laura,,Snyder,1978-05-18,46,Hindi,Prefer not to say,New Connor,Minnesota,India
26811,Cynthia,Leonard,Medina,1977-12-19,47,Hindi,Non-binary,Lake Christopherstad,West Virginia,Australia
26815,Michelle,Katelyn,Simpson,1980-05-10,44,Hindi,Male,Port Margaretshire,Michigan,India
26938,Kiara,Nathaniel,Moreno,1985-01-09,40,Hindi,Female,Port Megan,Wyoming,Germany
26964,Marie,,Rhodes,1975-04-28,49,Hindi,Prefer not to say,Colemanberg,Rhode Island,Germany
27125,Ashley,Jennifer,Cortez,1985-03-13,40,Hindi,Prefer not to say,East Justinchester,New Hampshire,Australia
27289,Vincent,Stephen,Adams,1982-07-11,42,Hindi,Prefer not to say,West Benjamin,Utah,France
27302,Mark,,Bonilla,1980-11-04,44,Hindi,Male,Lake Reneefurt,PR,USA
27348,Emily,Kathryn,Gomez,1978-09-29,46,Hindi,Non-binary,East Danielshire,IN,USA
27445,Janet,,Crawford,1975-05-14,49,Hindi,Non-binary,Cynthiafort,New Jersey,Japan
27517,Stephanie,Alan,Norris,1976-07-28,48,Hindi,Prefer not to say,North Benjaminside,WV,USA
27537,Elizabeth,John,Page,1981-07-13,43,Hindi,Prefer not to say,Huntstad,Texas,France
27622,Janet,Gina,Huffman,1975-02-27,50,Hindi,Prefer not to say,Reillyville,WV,USA
27737,Joseph,,Hall,1980-03-01,45,Hindi,Male,Schmidtburgh,North Dakota,Canada
27763,Christopher,,Garcia,1981-06-29,43,Hindi,Male,Walterhaven,Wyoming,Brazil
27893,Brianna,Mary,James,1976-05-05,48,Hindi,Non-binary,East Tonya,Missouri,Australia
27953,Steven,Christopher,Sullivan,1981-10-04,43,Hindi,Non-binary,Colemouth,Oklahoma,China
27974,Hector,Douglas,Deleon,1982-07-26,42,Hindi,Non-binary,North Markton,Arkansas,Germany
27976,Kathleen,Olivia,Pineda,1980-11-04,44,Hindi,Female,Lake Jamie,Washington,China
28096,Juan,Denise,Snyder,1976-12-08,48,Hindi,Female,Scottfurt,South Carolina,France
28147,Ronald,,Russell,1978-11-05,46,Hindi,Prefer not to say,Kurtmouth,Missouri,Germany
28179,Beth,Lisa,Weiss,1980-12-29,44,Hindi,Male,Lake Mark,Oregon,UK
28305,Andrew,Michael,Decker,1981-09-08,43,Hindi,Female,Brittanyberg,Oklahoma,France
28493,Derek,Kayla,Contreras,1977-11-15,47,Hindi,Female,Juanview,New Mexico,Japan
28596,Douglas,,Cunningham,1977-09-16,47,Hindi,Female,Nicholasburgh,Colorado,Canada
28760,Rhonda,Toni,Gomez,1984-05-19,40,Hindi,Female,Rodriguezmouth,Illinois,Japan
28765,Michael,Anthony,Smith,1979-06-22,45,Hindi,Male,Raymondberg,Missouri,Germany
28890,John,,Davis,1979-09-09,45,Hindi,Male,New Caroline,North Dakota,France
28899,Ariel,,Farrell,1984-01-28,41,Hindi,Male,Kristinberg,Utah,Brazil
29050,Andrea,Anna,Perez,1976-04-19,48,Hindi,Non-binary,Shepardburgh,MI,USA
29234,Nathan,Emma,Baldwin,1975-09-06,49,Hindi,Male,Olsonmouth,WV,USA
29453,John,,Jones,1980-10-01,44,Hindi,Female,South Brian,Minnesota,China
29496,Savannah,,Jackson,1981-07-11,43,Hindi,Male,South Felicia,Louisiana,France
29734,Charlene,Leslie,Jones,1977-03-05,48,Hindi,Non-binary,West Cassandra,Mississippi,India
29755,Jennifer,Peter,Rose,1983-06-27,41,Hindi,Non-binary,Amandaland,Georgia,Germany
29799,Austin,Jeffrey,Odonnell,1984-05-06,40,Hindi,Female,Lake Christineshire,PW,USA
29871,Kevin,Julia,Campbell,1984-08-23,40,Hindi,Male,East Jason,Arkansas,UK
29926,Laura,,Thompson,1974-11-28,50,Hindi,Male,Lake Stephanie,Texas,Canada
